/images/BAPEDenimLooseFitShirt0vb9,/images/BAPEDenimLooseFitShirt1vb9@
/images/MiniBAPECheckLooseFitShirt0vb9,/images/MiniBAPECheckLooseFitShirt1vb9@
/images/ApeHeadOnePointWashedLooseFitShirt0vb9,/images/ApeHeadOnePointWashedLooseFitShirt1vb9,/images/ApeHeadOnePointWashedLooseFitShirt2vb9@
/images/BAPESpeedRacerRelaxedFitShirt0vb9,/images/BAPESpeedRacerRelaxedFitShirt1vb9,/images/BAPESpeedRacerRelaxedFitShirt2vb9,/images/BAPESpeedRacerRelaxedFitShirt3vb9,/images/BAPESpeedRacerRelaxedFitShirt4vb9@
/images/Oxfordrelaxedfitshirt0vb9,/images/Oxfordrelaxedfitshirt1vb9@
/images/TigerCamoRelaxedFitMilitaryShirt0vb9,/images/TigerCamoRelaxedFitMilitaryShirt1vb9,/images/TigerCamoRelaxedFitMilitaryShirt2vb9,/images/TigerCamoRelaxedFitMilitaryShirt3vb9@
/images/BusySharkChambrayRelaxedFitShirt0vb9,/images/BusySharkChambrayRelaxedFitShirt1vb9,/images/BusySharkChambrayRelaxedFitShirt2vb9,/images/BusySharkChambrayRelaxedFitShirt3vb9@
/images/1stCamoSharkRelaxedFitMilitaryShirt0vb9,/images/1stCamoSharkRelaxedFitMilitaryShirt1vb9,/images/1stCamoSharkRelaxedFitMilitaryShirt2vb9,/images/1stCamoSharkRelaxedFitMilitaryShirt3vb9@
/images/ThomasMasonStripeCoachShirt0vb9,/images/ThomasMasonStripeCoachShirt1vb9,/images/ThomasMasonStripeCoachShirt2vb9,/images/ThomasMasonStripeCoachShirt3vb9,/images/ThomasMasonStripeCoachShirt4vb9@
/images/ThomasMasonMultiPatternWideFitShirt0vb9,/images/ThomasMasonMultiPatternWideFitShirt1vb9,/images/ThomasMasonMultiPatternWideFitShirt2vb9,/images/ThomasMasonMultiPatternWideFitShirt3vb9,/images/ThomasMasonMultiPatternWideFitShirt4vb9@
/images/B.ALooseFitDenimShirt0vb9,/images/B.ALooseFitDenimShirt1vb9@
/images/ApeHeadOnePointCorduroyRelaxedFitWorkShirt0vb9,/images/ApeHeadOnePointCorduroyRelaxedFitWorkShirt1vb9@
/images/SolidCamoCorduroyWorkShirt0vb9,/images/SolidCamoCorduroyWorkShirt1vb9,/images/SolidCamoCorduroyWorkShirt2vb9,/images/SolidCamoCorduroyWorkShirt3vb9@
/images/CheckFlannelShirt0vb9,/images/CheckFlannelShirt1vb9@
/images/RelaxedFitMilitaryShirt0vb9,/images/RelaxedFitMilitaryShirt1vb9,/images/RelaxedFitMilitaryShirt2vb9,/images/RelaxedFitMilitaryShirt3vb9@
/images/ChambrayLooseFitShirt0vb9,/images/ChambrayLooseFitShirt1vb9,/images/ChambrayLooseFitShirt2vb9,/images/ChambrayLooseFitShirt3vb9@
/images/ChambrayLooseFitShirt0vb9,/images/ChambrayLooseFitShirt1vb9,/images/ChambrayLooseFitShirt2vb9@
/images/MilitaryPatchRelaxedFitChambrayShirt0vb9,/images/MilitaryPatchRelaxedFitChambrayShirt1vb9,/images/MilitaryPatchRelaxedFitChambrayShirt2vb9,/images/MilitaryPatchRelaxedFitChambrayShirt3vb9@
/images/WideLogoPrintshirt0vb9,/images/WideLogoPrintshirt1vb9,/images/WideLogoPrintshirt2vb9,/images/WideLogoPrintshirt3vb9,/images/WideLogoPrintshirt4vb9,/images/WideLogoPrintshirt5vb9@
/images/MultiPatternshirt0vb9,/images/MultiPatternshirt1vb9,/images/MultiPatternshirt2vb9,/images/MultiPatternshirt3vb9,/images/MultiPatternshirt4vb9@
/images/BoaShirt0vb9,/images/BoaShirt1vb9,/images/BoaShirt2vb9,/images/BoaShirt3vb9,/images/BoaShirt4vb9@
/images/FlannelCheckMultiPatterShirt0vb9,/images/FlannelCheckMultiPatterShirt1vb9,/images/FlannelCheckMultiPatterShirt2vb9,/images/FlannelCheckMultiPatterShirt3vb9,/images/FlannelCheckMultiPatterShirt4vb9,/images/FlannelCheckMultiPatterShirt5vb9@
/images/Logoprintshortsleeveshirt0vb9,/images/Logoprintshortsleeveshirt1vb9,/images/Logoprintshortsleeveshirt2vb9,/images/Logoprintshortsleeveshirt3vb9@
/images/BAPEJapanCultureOpenCollarShirt0vb9,/images/BAPEJapanCultureOpenCollarShirt1vb9,/images/BAPEJapanCultureOpenCollarShirt2vb9,/images/BAPEJapanCultureOpenCollarShirt3vb9,/images/BAPEJapanCultureOpenCollarShirt4vb9,/images/BAPEJapanCultureOpenCollarShirt5vb9@
/images/WoodlandandCamoCollegeTee0vb9@
/images/ABCCamoCollegePocketRelaxedTee0vb9,/images/ABCCamoCollegePocketRelaxedTee1vb9@
/images/BAPELogoMonogramTee0vb9,/images/BAPELogoMonogramTee1vb9@
/images/BAPELogoMonogramBabyMiloTee0vb9@
/images/WoodlandandCamoWGMApeHeadTee0vb9,/images/WoodlandandCamoWGMApeHeadTee1vb9@
/images/BAPELogoMonogramCollegeTee0vb9@
/images/ABCCamoCollegeTee0vb9@
/images/ABCCamoBAPESTALogoTee0vb9,/images/ABCCamoBAPESTALogoTee1vb9@
/images/WoodlandandCamoCollegeTee0vb9@
/images/SakuraPhotoApeHeadTee0vb9,/images/SakuraPhotoApeHeadTee1vb9@
/images/SakuraABathingApeTee0vb9,/images/SakuraABathingApeTee1vb9,/images/SakuraABathingApeTee2vb9,/images/SakuraABathingApeTee3vb9@
/images/OverdyeApeHeadOnePointRelaxedTee0vb9,/images/OverdyeApeHeadOnePointRelaxedTee1vb9@
/images/BigApeHeadTee0vb9,/images/BigApeHeadTee1vb9,/images/BigApeHeadTee2vb9,/images/BigApeHeadTee3vb9,/images/BigApeHeadTee4vb9@
/images/SpeedRacerCollegeATSTee0vb9,/images/SpeedRacerCollegeATSTee1vb9@
/images/HoneycombCamoCollegeATSTee0vb9,/images/HoneycombCamoCollegeATSTee1vb9@
/images/SpeedRacerBigApeHeadTee0vb9,/images/SpeedRacerBigApeHeadTee1vb9@
/images/SpeedRacerSharkTee0vb9@
/images/PigmentSharkTee0vb9,/images/PigmentSharkTee1vb9@
/images/HoneycombCamoBigApeHeadTee0vb9,/images/HoneycombCamoBigApeHeadTee1vb9@
/images/ApeHeadOnePointRelaxedFitPocketTee0vb9,/images/ApeHeadOnePointRelaxedFitPocketTee1vb9@
/images/ColorCamoCrazyByBathingApeTee0vb9@
/images/ColorCamoBusyWorksTee0vb9@
/images/ColorCamoCollegeTee0vb9@
/images/ValentineChocolateApeHeadTee0vb9,/images/ValentineChocolateApeHeadTee1vb9,/images/ValentineChocolateApeHeadTee2vb9@
/images/ValentineChocolateBabyMiloTee0vb9,/images/ValentineChocolateBabyMiloTee1vb9,/images/ValentineChocolateBabyMiloTee2vb9@
/images/SideSharkTee0vb9,/images/SideSharkTee1vb9@
/images/PolygonApeHeadTee0vb9@
/images/ABCCamoThermographyRelaxedFitTee0vb9,/images/ABCCamoThermographyRelaxedFitTee1vb9@
/images/BAPEThermographySharkTee0vb9@
/images/YearOfTheRabbitTee0vb9,/images/YearOfTheRabbitTee1vb9@
/images/YearOfTheRabbitBabyMiloTee0vb9,/images/YearOfTheRabbitBabyMiloTee1vb9@
/images/ChristmasBusyWithWorkTee0vb9,/images/ChristmasBusyWithWorkTee1vb9,/images/ChristmasBusyWithWorkTee2vb9@
/images/ChristmasApeHeadTee0vb9,/images/ChristmasApeHeadTee1vb9,/images/ChristmasApeHeadTee2vb9,/images/ChristmasApeHeadTee3vb9@
/images/TigerCamoApeHeadTee0vb9,/images/TigerCamoApeHeadTee1vb9,/images/TigerCamoApeHeadTee2vb9@
/images/SharkRelaxedFitTee0vb9,/images/SharkRelaxedFitTee1vb9,/images/SharkRelaxedFitTee2vb9@
/images/BapeSweatJetCap0vb9,/images/BapeSweatJetCap1vb9,/images/BapeSweatJetCap2vb9@
/images/XNewEraNYCLogoDenim9Twentycap0vb9,/images/XNewEraNYCLogoDenim9Twentycap1vb9,/images/XNewEraNYCLogoDenim9Twentycap2vb9@
/images/BAPEXFazeClanSnapBackCap0vb9,/images/BAPEXFazeClanSnapBackCap1vb9,/images/BAPEXFazeClanSnapBackCap2vb9@
/images/1stCamoCap0vb9,/images/1stCamoCap1vb9,/images/1stCamoCap2vb9@
/images/BAPESpeedRacerPanelCap0vb9,/images/BAPESpeedRacerPanelCap1vb9,/images/BAPESpeedRacerPanelCap2vb9@
/images/APEFaceKnitCap0vb9,/images/APEFaceKnitCap1vb9,/images/APEFaceKnitCap2vb9@
/images/TigerCamoBucketHat0vb9,/images/TigerCamoBucketHat1vb9,/images/TigerCamoBucketHat2vb9@
/images/XNBHDCap0vb9,/images/XNBHDCap1vb9,/images/XNBHDCap2vb9@
/images/XJJJJOUNDColorCamoCollegemeshcap0vb9,/images/XJJJJOUNDColorCamoCollegemeshcap1vb9,/images/XJJJJOUNDColorCamoCollegemeshcap2vb9@
/images/XJJJJOUNDCollegemeshcap0vb9,/images/XJJJJOUNDCollegemeshcap1vb9,/images/XJJJJOUNDCollegemeshcap2vb9@
/images/XUNDFTDColorCamoMeshCap0vb9,/images/XUNDFTDColorCamoMeshCap1vb9,/images/XUNDFTDColorCamoMeshCap2vb9@
/images/XUNDFTDColorCamoFlannelBucketHat0vb9,/images/XUNDFTDColorCamoFlannelBucketHat1vb9,/images/XUNDFTDColorCamoFlannelBucketHat2vb9@
/images/ApeHeadMeltonPanelCap0vb9,/images/ApeHeadMeltonPanelCap1vb9,/images/ApeHeadMeltonPanelCap2vb9@
/images/ColorCamoNYCLogoMeshCap0vb9,/images/ColorCamoNYCLogoMeshCap1vb9,/images/ColorCamoNYCLogoMeshCap2vb9@
/images/XNewEraColorCamoCollege9TwentyCap0vb9,/images/XNewEraColorCamoCollege9TwentyCap1vb9,/images/XNewEraColorCamoCollege9TwentyCap2vb9@
/images/OnePointPanelCap0vb9,/images/OnePointPanelCap1vb9,/images/OnePointPanelCap2vb9@
/images/SnakePanelCap0vb9,/images/SnakePanelCap1vb9,/images/SnakePanelCap2vb9@
/images/XNewEra1stCamo9FiftyCap0vb9,/images/XNewEra1stCamo9FiftyCap1vb9,/images/XNewEra1stCamo9FiftyCap2vb9@
/images/XNewEraApeHead9FiftyCap0vb9,/images/XNewEraApeHead9FiftyCap1vb9,/images/XNewEraApeHead9FiftyCap2vb9@
/images/XA.P.C.MiloCottonCap0vb9,/images/XA.P.C.MiloCottonCap1vb9,/images/XA.P.C.MiloCottonCap2vb9@
/images/BabyMilobuckethat0vb9,/images/BabyMilobuckethat1vb9,/images/BabyMilobuckethat2vb9,/images/BabyMilobuckethat3vb9,/images/BabyMilobuckethat4vb9@
/images/CollegeNewEraSnapBackCap0vb9,/images/CollegeNewEraSnapBackCap1vb9,/images/CollegeNewEraSnapBackCap2vb9@
/images/XStussyTruckerCap0vb9,/images/XStussyTruckerCap1vb9,/images/XStussyTruckerCap2vb9@
/images/BigApeHeadKnitCap0vb9,/images/BigApeHeadKnitCap1vb9@
/images/ApeHeadOnePointKnitCap0vb9,/images/ApeHeadOnePointKnitCap1vb9@
/images/XHajimeSorayamaKnitCap0vb9,/images/XHajimeSorayamaKnitCap1vb9@
/images/XCanadaGooseXConceptsKnitCap0vb9@
/images/ApeHeadOnePointKnitCap0vb9,/images/ApeHeadOnePointKnitCap1vb9@
/images/BapeKnitCap0vb9,/images/BapeKnitCap1vb9@
/images/1stCamoKnitCap0vb9,/images/1stCamoKnitCap1vb9@
/images/ABathingApeKnitBeanie0vb9,/images/ABathingApeKnitBeanie1vb9@
/images/BapeSTAKnitCap0vb9,/images/BapeSTAKnitCap1vb9@
/images/SolidCamoCorduroyPanelCap0vb9,/images/SolidCamoCorduroyPanelCap1vb9,/images/SolidCamoCorduroyPanelCap2vb9@
/images/2WayKnitBeanie0vb9,/images/2WayKnitBeanie1vb9@
/images/NewEraBathingApe9twentyCap0vb9,/images/NewEraBathingApe9twentyCap1vb9,/images/NewEraBathingApe9twentyCap2vb9@
/images/XOVOKnitCap0vb9,/images/XOVOKnitCap1vb9,/images/XOVOKnitCap2vb9@
/images/WaffleKnitCap0vb9,/images/WaffleKnitCap1vb9@
/images/NewEra59FiftyCamoApeHeadCap0vb9,/images/NewEra59FiftyCamoApeHeadCap1vb9,/images/NewEra59FiftyCamoApeHeadCap2vb9@
/images/DetachableSharkPatchCap0vb9,/images/DetachableSharkPatchCap1vb9,/images/DetachableSharkPatchCap2vb9@
/images/BapeKnitCap0vb9,/images/BapeKnitCap1vb9@
/images/NewEraColorCamoApeHead9twentyCap0vb9,/images/NewEraColorCamoApeHead9twentyCap1vb9,/images/NewEraColorCamoApeHead9twentyCap2vb9@
/images/XOVOWoodlandCamoSnapbackCap0vb9,/images/XOVOWoodlandCamoSnapbackCap1vb9,/images/XOVOWoodlandCamoSnapbackCap2vb9@
/images/NewEra1stCamoBucketHat0vb9,/images/NewEra1stCamoBucketHat1vb9,/images/NewEra1stCamoBucketHat2vb9@
/images/ColorCamoKnitCap0vb9,/images/ColorCamoKnitCap1vb9@
/images/BigApeHeadKnitCap0vb9,/images/BigApeHeadKnitCap1vb9@
/images/BaseballCap0vb9,/images/BaseballCap1vb9,/images/BaseballCap2vb9@
/images/BapeCheckEarmuffsCap0vb9,/images/BapeCheckEarmuffsCap1vb9,/images/BapeCheckEarmuffsCap2vb9@
/images/ApeHeadOnePointKnitBeanie0vb9,/images/ApeHeadOnePointKnitBeanie1vb9@
/images/Porter1stCamoOneShoulderBag0vb9,/images/Porter1stCamoOneShoulderBag1vb9,/images/Porter1stCamoOneShoulderBag2vb9@
/images/BabyMilototebag0vb9,/images/BabyMilototebag1vb9,/images/BabyMilototebag2vb9@
/images/BusySharkDayPack0vb9,/images/BusySharkDayPack1vb9,/images/BusySharkDayPack2vb9@
/images/ABCMixCamoFlightPouch0vb9,/images/ABCMixCamoFlightPouch1vb9@
/images/ABCMixCamoMusicPouch0vb9,/images/ABCMixCamoMusicPouch1vb9,/images/ABCMixCamoMusicPouch2vb9@
/images/PremiumHappyNewYearBag0vb9@
/images/BAPEÂ®HappyNewYearBag0vb9@
/images/BabyMilohotwaterbag0vb9@
/images/PorterABCCamoShoulderBag0vb9,/images/PorterABCCamoShoulderBag1vb9,/images/PorterABCCamoShoulderBag2vb9,/images/PorterABCCamoShoulderBag3vb9@
/images/PorterABCCamoWaistBag0vb9,/images/PorterABCCamoWaistBag1vb9,/images/PorterABCCamoWaistBag2vb9@
/images/Passportholder0vb9,/images/Passportholder1vb9,/images/Passportholder2vb9@
/images/PVCpouch0vb9@
/images/DebossedPVCpouch0vb9@
/images/Canpouch0vb9,/images/Canpouch1vb9,/images/Canpouch2vb9@
/images/ABCDotReflectiveshoulderbag0vb9,/images/ABCDotReflectiveshoulderbag1vb9,/images/ABCDotReflectiveshoulderbag2vb9@
/images/ColourCamowaistbag0vb9,/images/ColourCamowaistbag1vb9,/images/ColourCamowaistbag2vb9@
/images/ColourCamoCollegetotebag0vb9@
/images/GradationCamoshoulderbag0vb9,/images/GradationCamoshoulderbag1vb9@
/images/ColorCamoMilitaryshoulderbag0vb9,/images/ColorCamoMilitaryshoulderbag1vb9@
/images/BAPEONLINESacochebag0vb9@
/images/1stCamowaistbag0vb9,/images/1stCamowaistbag1vb9@
/images/1stCamoshoulderbag0vb9,/images/1stCamoshoulderbag1vb9@
/images/ABCCamoPatchRelaxedFitCrewneck0vb9,/images/ABCCamoPatchRelaxedFitCrewneck1vb9,/images/ABCCamoPatchRelaxedFitCrewneck2vb9@
/images/XFredPerryColorCamoPulloverHoodie0vb9,/images/XFredPerryColorCamoPulloverHoodie1vb9,/images/XFredPerryColorCamoPulloverHoodie2vb9@
/images/XFredPerryColorCamoZipHoodie0vb9,/images/XFredPerryColorCamoZipHoodie1vb9,/images/XFredPerryColorCamoZipHoodie2vb9,/images/XFredPerryColorCamoZipHoodie3vb9@
/images/BAPEApeHeadCrewneck0vb9,/images/BAPEApeHeadCrewneck1vb9@
/images/WoodlandCamoLooseFitFullZipHoodie0vb9,/images/WoodlandCamoLooseFitFullZipHoodie1vb9@
/images/SakuraABathingApeRelaxedFitCrewneck0vb9,/images/SakuraABathingApeRelaxedFitCrewneck1vb9,/images/SakuraABathingApeRelaxedFitCrewneck2vb9@
/images/BAPELogoMonogramVelourSharkFullZipHoodie0vb9,/images/BAPELogoMonogramVelourSharkFullZipHoodie1vb9,/images/BAPELogoMonogramVelourSharkFullZipHoodie2vb9@
/images/CollegeRelaxedFitFullZipHoodie0vb9,/images/CollegeRelaxedFitFullZipHoodie1vb9@
/images/ABathingApeTieDyeTrackJacket0vb9,/images/ABathingApeTieDyeTrackJacket1vb9,/images/ABathingApeTieDyeTrackJacket2vb9,/images/ABathingApeTieDyeTrackJacket3vb9@
/images/1stCamoCrazyCollegeFullZipHoodie0vb9,/images/1stCamoCrazyCollegeFullZipHoodie1vb9@
/images/BAPEXFazeClanFullZipHoodie0vb9,/images/BAPEXFazeClanFullZipHoodie1vb9,/images/BAPEXFazeClanFullZipHoodie2vb9,/images/BAPEXFazeClanFullZipHoodie3vb9@
/images/BAPEFootballRelaxedFitPulloverHoodie0vb9,/images/BAPEFootballRelaxedFitPulloverHoodie1vb9,/images/BAPEFootballRelaxedFitPulloverHoodie2vb9@
/images/BAPERelaxedFitCrewneck0vb9,/images/BAPERelaxedFitCrewneck1vb9,/images/BAPERelaxedFitCrewneck2vb9,/images/BAPERelaxedFitCrewneck3vb9@
/images/ApeHeadPulloverHoodie0vb9,/images/ApeHeadPulloverHoodie1vb9,/images/ApeHeadPulloverHoodie2vb9@
/images/ABathingApePulloverHoodie0vb9,/images/ABathingApePulloverHoodie1vb9,/images/ABathingApePulloverHoodie2vb9@
/images/1stCamoBalaclavaFullZipHoodie0vb9,/images/1stCamoBalaclavaFullZipHoodie1vb9@
/images/ApeRelaxedFitPulloverHoodie0vb9,/images/ApeRelaxedFitPulloverHoodie1vb9,/images/ApeRelaxedFitPulloverHoodie2vb9,/images/ApeRelaxedFitPulloverHoodie3vb9@
/images/1stCamoCrazyBathingApeRelaxedFitCrewneck0vb9,/images/1stCamoCrazyBathingApeRelaxedFitCrewneck1vb9@
/images/BAPEPatchRelaxedFitCrewneck0vb9,/images/BAPEPatchRelaxedFitCrewneck1vb9,/images/BAPEPatchRelaxedFitCrewneck2vb9@
/images/ColorCamoCollegeCuttingRelaxedFitHoodie0vb9,/images/ColorCamoCollegeCuttingRelaxedFitHoodie1vb9@
/images/BAPESpeedRacerSharkFullZipHoodie0vb9,/images/BAPESpeedRacerSharkFullZipHoodie1vb9@
/images/ApeHeadOnePointRelaxedFitCrewneck0vb9,/images/ApeHeadOnePointRelaxedFitCrewneck1vb9@
/images/BAPEStichingPulloverHoodie0vb9,/images/BAPEStichingPulloverHoodie1vb9@
/images/ArchiveCrewneck0vb9,/images/ArchiveCrewneck1vb9@
/images/SharkFullZipHoodie0vb9,/images/SharkFullZipHoodie1vb9@
/images/BAPESTALogoRelaxedFitCrewneck0vb9,/images/BAPESTALogoRelaxedFitCrewneck1vb9@
/images/XNBHDRelaxedFitCrewneck0vb9,/images/XNBHDRelaxedFitCrewneck1vb9,/images/XNBHDRelaxedFitCrewneck2vb9@
/images/BAPESTALogoRelaxedFitPulloverHoodie0vb9,/images/BAPESTALogoRelaxedFitPulloverHoodie1vb9@
/images/BAPEThermographySharkFullZipHoodie0vb9,/images/BAPEThermographySharkFullZipHoodie1vb9@
/images/CuttingABCCamoThermographyRelaxedFitPullover0vb9,/images/CuttingABCCamoThermographyRelaxedFitPullover1vb9@
/images/XUNDFTDColorCamoRelaxedZipHoodie0vb9,/images/XUNDFTDColorCamoRelaxedZipHoodie1vb9,/images/XUNDFTDColorCamoRelaxedZipHoodie2vb9@
/images/XPolartecWideFitCrewneck0vb9,/images/XPolartecWideFitCrewneck1vb9,/images/XPolartecWideFitCrewneck2vb9,/images/XPolartecWideFitCrewneck3vb9,/images/XPolartecWideFitCrewneck4vb9,/images/XPolartecWideFitCrewneck5vb9@
/images/XPolartecWideFitFullZipHoodie0vb9,/images/XPolartecWideFitFullZipHoodie1vb9,/images/XPolartecWideFitFullZipHoodie2vb9,/images/XPolartecWideFitFullZipHoodie3vb9@
/images/XMinions1stCamoMinionsSharkFullZipHoodie0vb9,/images/XMinions1stCamoMinionsSharkFullZipHoodie1vb9,/images/XMinions1stCamoMinionsSharkFullZipHoodie2vb9@
/images/ColorCamoSharkFullZipHoodie0vb9,/images/ColorCamoSharkFullZipHoodie1vb9,/images/ColorCamoSharkFullZipHoodie2vb9@
/images/ColorCamoBAPEPulloverHoodie0vb9,/images/ColorCamoBAPEPulloverHoodie1vb9@
/images/1stCamoOnePointFullZipHoodie0vb9,/images/1stCamoOnePointFullZipHoodie1vb9@
/images/SharkCrewneck0vb9,/images/SharkCrewneck1vb9,/images/SharkCrewneck2vb9@
/images/MilitarySharkRelaxedFitFullZipHoodie0vb9,/images/MilitarySharkRelaxedFitFullZipHoodie1vb9@
/images/1stCamoByBathingApeCrewneck0vb9@
/images/ByBathingApeEmbroiderySweatshirt0vb9,/images/ByBathingApeEmbroiderySweatshirt1vb9@
/images/1stCamoCollegePulloverHoodie0vb9,/images/1stCamoCollegePulloverHoodie1vb9@
/images/ApeHeadOnePointRelaxedFitPulloverHoodie0vb9,/images/ApeHeadOnePointRelaxedFitPulloverHoodie1vb9@
/images/ABCCamoSharkWideFitFullZipHoodie0vb9,/images/ABCCamoSharkWideFitFullZipHoodie1vb9@
/images/TigerFullZipHoodie0vb9,/images/TigerFullZipHoodie1vb9,/images/TigerFullZipHoodie2vb9@
/images/SpaceCamoTigerFullZipHoodie0vb9,/images/SpaceCamoTigerFullZipHoodie1vb9,/images/SpaceCamoTigerFullZipHoodie2vb9@
/images/YearOfTheTigerCrewneck0vb9,/images/YearOfTheTigerCrewneck1vb9@
/images/XHajimeSorayamaCrewneckSweatshirt0vb9,/images/XHajimeSorayamaCrewneckSweatshirt1vb9,/images/XHajimeSorayamaCrewneckSweatshirt2vb9@
/images/SharkDenimShorts0vb9,/images/SharkDenimShorts1vb9,/images/SharkDenimShorts2vb9@
/images/6PocketRelaxedFitSweatPants0vb9,/images/6PocketRelaxedFitSweatPants1vb9,/images/6PocketRelaxedFitSweatPants2vb9,/images/6PocketRelaxedFitSweatPants3vb9@
/images/ABathingApeTieDyeTrackPants0vb9,/images/ABathingApeTieDyeTrackPants1vb9,/images/ABathingApeTieDyeTrackPants2vb9@
/images/ColorCamoWideSweatPant0vb9,/images/ColorCamoWideSweatPant1vb9,/images/ColorCamoWideSweatPant2vb9@
/images/BAPELooseFitChinoPants0vb9,/images/BAPELooseFitChinoPants1vb9,/images/BAPELooseFitChinoPants2vb9@
/images/ApeHeadOnePointWideSweatPants0vb9,/images/ApeHeadOnePointWideSweatPants1vb9@
/images/TigerCamoRelaxedFitMilitaryPants0vb9,/images/TigerCamoRelaxedFitMilitaryPants1vb9,/images/TigerCamoRelaxedFitMilitaryPants2vb9,/images/TigerCamoRelaxedFitMilitaryPants3vb9@
/images/XJJJJOUNDCollegeSweatPants0vb9,/images/XJJJJOUNDCollegeSweatPants1vb9,/images/XJJJJOUNDCollegeSweatPants2vb9,/images/XJJJJOUNDCollegeSweatPants3vb9@
/images/XUNDFTDColorCamoMultiPouchPocketPants0vb9,/images/XUNDFTDColorCamoMultiPouchPocketPants1vb9,/images/XUNDFTDColorCamoMultiPouchPocketPants2vb9@
/images/SoccerGameShorts0vb9,/images/SoccerGameShorts1vb9,/images/SoccerGameShorts2vb9@
/images/GridCamoRelaxedFit6PocketPants0vb9,/images/GridCamoRelaxedFit6PocketPants1vb9,/images/GridCamoRelaxedFit6PocketPants2vb9,/images/GridCamoRelaxedFit6PocketPants3vb9@
/images/MultiMotifLeatherPocketChinoShorts0vb9,/images/MultiMotifLeatherPocketChinoShorts1vb9,/images/MultiMotifLeatherPocketChinoShorts2vb9,/images/MultiMotifLeatherPocketChinoShorts3vb9@
/images/ClimbingShorts0vb9,/images/ClimbingShorts1vb9,/images/ClimbingShorts2vb9@
/images/ColorCamoSweatShorts0vb9,/images/ColorCamoSweatShorts1vb9,/images/ColorCamoSweatShorts2vb9@
/images/TwinstaSweatShorts0vb9,/images/TwinstaSweatShorts1vb9@
/images/ColorCamoWideFitBasketballShorts0vb9,/images/ColorCamoWideFitBasketballShorts1vb9@
/images/XHeronPrestonMix1stCamoDuckPainterPantsM30vb9,/images/XHeronPrestonMix1stCamoDuckPainterPantsM31vb9,/images/XHeronPrestonMix1stCamoDuckPainterPantsM32vb9@
/images/ColorCamoSharkSweatPants0vb9,/images/ColorCamoSharkSweatPants1vb9@
/images/BusySharkSweatPants0vb9,/images/BusySharkSweatPants1vb9,/images/BusySharkSweatPants2vb9,/images/BusySharkSweatPants3vb9@
/images/1stCamoSharkSlimSweatPants0vb9,/images/1stCamoSharkSlimSweatPants1vb9@
/images/OnePointEasyPants0vb9,/images/OnePointEasyPants1vb9,/images/OnePointEasyPants2vb9@
/images/XHajimeSorayamaLogoSweatpants0vb9,/images/XHajimeSorayamaLogoSweatpants1vb9,/images/XHajimeSorayamaLogoSweatpants2vb9@
/images/BapeRipStopTrackPants0vb9,/images/BapeRipStopTrackPants1vb9,/images/BapeRipStopTrackPants2vb9@
/images/XGhostbustersCamoSlimSweatpants0vb9,/images/XGhostbustersCamoSlimSweatpants1vb9,/images/XGhostbustersCamoSlimSweatpants2vb9@
/images/XOVOWoodlandCamoSharkReversibleSweatpants0vb9,/images/XOVOWoodlandCamoSharkReversibleSweatpants1vb9,/images/XOVOWoodlandCamoSharkReversibleSweatpants2vb9,/images/XOVOWoodlandCamoSharkReversibleSweatpants3vb9,/images/XOVOWoodlandCamoSharkReversibleSweatpants4vb9@
/images/Giant1stCamoWideFitSweatShorts0vb9,/images/Giant1stCamoWideFitSweatShorts1vb9,/images/Giant1stCamoWideFitSweatShorts2vb9@
/images/XOVOSlimFitSweatpants0vb9,/images/XOVOSlimFitSweatpants1vb9@
/images/SharkSweatpants0vb9,/images/SharkSweatpants1vb9,/images/SharkSweatpants2vb9@
/images/PainterPants0vb9,/images/PainterPants1vb9,/images/PainterPants2vb9,/images/PainterPants3vb9@
/images/OnePointTrackPants0vb9,/images/OnePointTrackPants1vb9,/images/OnePointTrackPants2vb9@
/images/Type1BAPEXCrystalStone0vb9,/images/Type1BAPEXCrystalStone1vb9,/images/Type1BAPEXCrystalStone2vb9@
/images/ClassicType2BAPEX0vb9,/images/ClassicType2BAPEX1vb9,/images/ClassicType2BAPEX2vb9@
/images/ClassicType1BAPEX0vb9,/images/ClassicType1BAPEX1vb9,/images/ClassicType1BAPEX2vb9@
/images/Type1Bapex0vb9,/images/Type1Bapex1vb9,/images/Type1Bapex2vb9@
/images/ClassicType4BAPEX0vb9,/images/ClassicType4BAPEX1vb9,/images/ClassicType4BAPEX2vb9@
/images/ClassicBAPEXType1FabricStrap0vb9,/images/ClassicBAPEXType1FabricStrap1vb9,/images/ClassicBAPEXType1FabricStrap2vb9@
/images/Type7BAPEX0vb9,/images/Type7BAPEX1vb9,/images/Type7BAPEX2vb9@
/images/ClassicType4BAPEX0vb9,/images/ClassicType4BAPEX1vb9,/images/ClassicType4BAPEX2vb9@
/images/Type8BAPEX0vb9,/images/Type8BAPEX1vb9,/images/Type8BAPEX2vb9@
/images/Type1BAPEX0vb9,/images/Type1BAPEX1vb9,/images/Type1BAPEX2vb9@
/images/Type7BAPEX0vb9,/images/Type7BAPEX1vb9,/images/Type7BAPEX2vb9@
/images/ClassicType1BAPEX0vb9,/images/ClassicType1BAPEX1vb9,/images/ClassicType1BAPEX2vb9@
/images/Type1BAPEX0vb9,/images/Type1BAPEX1vb9,/images/Type1BAPEX2vb9@
/images/Type2BAPEXWatch0vb9,/images/Type2BAPEXWatch1vb9,/images/Type2BAPEXWatch2vb9@
/images/Type1BAPEXwatch0vb9,/images/Type1BAPEXwatch1vb9,/images/Type1BAPEXwatch2vb9@
/images/Type1BAPEXwatch0vb9,/images/Type1BAPEXwatch1vb9,/images/Type1BAPEXwatch2vb9@
/images/Type1BAPEXwatch0vb9,/images/Type1BAPEXwatch1vb9,/images/Type1BAPEXwatch2vb9@
/images/RoadSTA10vb9,/images/RoadSTA11vb9,/images/RoadSTA12vb9@
/images/BAPESK8STA20vb9,/images/BAPESK8STA21vb9,/images/BAPESK8STA22vb9,/images/BAPESK8STA23vb9@
/images/BAPESTA8M10vb9,/images/BAPESTA8M11vb9,/images/BAPESTA8M12vb9,/images/BAPESTA8M13vb9,/images/BAPESTA8M14vb9@
/images/HoneycombCamoZipRoadSTAM20vb9,/images/HoneycombCamoZipRoadSTAM21vb9,/images/HoneycombCamoZipRoadSTAM22vb9,/images/HoneycombCamoZipRoadSTAM23vb9,/images/HoneycombCamoZipRoadSTAM24vb9,/images/HoneycombCamoZipRoadSTAM25vb9@
/images/BAPESTA93HI0vb9,/images/BAPESTA93HI1vb9,/images/BAPESTA93HI2vb9,/images/BAPESTA93HI3vb9@
/images/ApeHeadSlippers0vb9,/images/ApeHeadSlippers1vb9@
/images/Manhunt2M10vb9,/images/Manhunt2M11vb9,/images/Manhunt2M12vb9,/images/Manhunt2M13vb9@
/images/RoadSTAExpress3M10vb9,/images/RoadSTAExpress3M11vb9,/images/RoadSTAExpress3M12vb9,/images/RoadSTAExpress3M13vb9@
/images/RoadSTAExpress3M20vb9,/images/RoadSTAExpress3M21vb9,/images/RoadSTAExpress3M22vb9,/images/RoadSTAExpress3M23vb9@
/images/BAPESTA5M10vb9,/images/BAPESTA5M11vb9,/images/BAPESTA5M12vb9,/images/BAPESTA5M13vb9@
/images/SkullSTA10vb9,/images/SkullSTA11vb9,/images/SkullSTA12vb9,/images/SkullSTA13vb9@
/images/BAPESTA50vb9,/images/BAPESTA51vb9,/images/BAPESTA52vb9,/images/BAPESTA53vb9@
/images/XPaganiRoadSTAM20vb9,/images/XPaganiRoadSTAM21vb9,/images/XPaganiRoadSTAM22vb9,/images/XPaganiRoadSTAM23vb9@
/images/BAPESK8STA20vb9,/images/BAPESK8STA21vb9,/images/BAPESK8STA22vb9,/images/BAPESK8STA23vb9@
/images/XLDGRoadStaM20vb9,/images/XLDGRoadStaM21vb9,/images/XLDGRoadStaM22vb9@
/images/SnakeBAPESTAM10vb9,/images/SnakeBAPESTAM11vb9,/images/SnakeBAPESTAM12vb9,/images/SnakeBAPESTAM13vb9@
/images/BAPESK8STA3M10vb9,/images/BAPESK8STA3M11vb9,/images/BAPESK8STA3M12vb9,/images/BAPESK8STA3M13vb9@
/images/BAPESK8STA1M10vb9,/images/BAPESK8STA1M11vb9,/images/BAPESK8STA1M12vb9,/images/BAPESK8STA1M13vb9@
/images/RoadSTA1M10vb9,/images/RoadSTA1M11vb9,/images/RoadSTA1M12vb9@
/images/BAPESTA2M10vb9,/images/BAPESTA2M11vb9,/images/BAPESTA2M12vb9,/images/BAPESTA2M13vb9@
/images/RoadSTAExpress1M20vb9,/images/RoadSTAExpress1M21vb9,/images/RoadSTAExpress1M22vb9,/images/RoadSTAExpress1M23vb9@
/images/RoadSTA3M20vb9,/images/RoadSTA3M21vb9,/images/RoadSTA3M22vb9,/images/RoadSTA3M23vb9@
/images/BAPESTA1M20vb9,/images/BAPESTA1M21vb9,/images/BAPESTA1M22vb9,/images/BAPESTA1M23vb9@
/images/MADSTAM20vb9@
/images/BAPESTAMI2M2sneakers0vb9@
/images/RoadSTA2M10vb9@
/images/SK8STA10vb9,/images/SK8STA11vb9,/images/SK8STA12vb9@
/images/ApeHeadSlippers0vb9,/images/ApeHeadSlippers1vb9@
/images/CNYSK8StaM2Sneakers0vb9@
/images/CNYRoadStaM1Sneakers0vb9,/images/CNYRoadStaM1Sneakers1vb9,/images/CNYRoadStaM1Sneakers2vb9,/images/CNYRoadStaM1Sneakers3vb9,/images/CNYRoadStaM1Sneakers4vb9@
/images/BAPESK8STA0vb9@
/images/XHajimeSorayamaSK8STASneakers0vb9,/images/XHajimeSorayamaSK8STASneakers1vb9,/images/XHajimeSorayamaSK8STASneakers2vb9@
/images/RoadStaM2Sneakers0vb9,/images/RoadStaM2Sneakers1vb9,/images/RoadStaM2Sneakers2vb9,/images/RoadStaM2Sneakers3vb9,/images/RoadStaM2Sneakers4vb9@
/images/BapeSTAsneakers0vb9,/images/BapeSTAsneakers1vb9,/images/BapeSTAsneakers2vb9,/images/BapeSTAsneakers3vb9,/images/BapeSTAsneakers4vb9@
/images/BapeXVansLineABCCamoSk8-Hi0vb9,/images/BapeXVansLineABCCamoSk8-Hi1vb9,/images/BapeXVansLineABCCamoSk8-Hi2vb9@
/images/BapeXVans1stCamoAuthentic0vb9,/images/BapeXVans1stCamoAuthentic1vb9,/images/BapeXVans1stCamoAuthentic2vb9@
/images/SK8STASneakers0vb9,/images/SK8STASneakers1vb9,/images/SK8STASneakers2vb9,/images/SK8STASneakers3vb9@
/images/XHaynSTACamoSlideSandals0vb9,/images/XHaynSTACamoSlideSandals1vb9,/images/XHaynSTACamoSlideSandals2vb9@
/images/SK8STASneakers0vb9,/images/SK8STASneakers1vb9,/images/SK8STASneakers2vb9,/images/SK8STASneakers3vb9@
/images/XSuicokeBowerBoots0vb9,/images/XSuicokeBowerBoots1vb9,/images/XSuicokeBowerBoots2vb9@
/images/BapeSTAXMedicomToyBe@RCamoM1Sneakers0vb9,/images/BapeSTAXMedicomToyBe@RCamoM1Sneakers1vb9,/images/BapeSTAXMedicomToyBe@RCamoM1Sneakers2vb9,/images/BapeSTAXMedicomToyBe@RCamoM1Sneakers3vb9,/images/BapeSTAXMedicomToyBe@RCamoM1Sneakers4vb9,/images/BapeSTAXMedicomToyBe@RCamoM1Sneakers5vb9,/images/BapeSTAXMedicomToyBe@RCamoM1Sneakers6vb9,/images/BapeSTAXMedicomToyBe@RCamoM1Sneakers7vb9@
/images/BapeSTAM20vb9,/images/BapeSTAM21vb9,/images/BapeSTAM22vb9,/images/BapeSTAM23vb9,/images/BapeSTAM24vb9@
/images/XGhostbustersCamoBabyMiloDoubleBapeStaLow0vb9,/images/XGhostbustersCamoBabyMiloDoubleBapeStaLow1vb9,/images/XGhostbustersCamoBabyMiloDoubleBapeStaLow2vb9@
/images/BapeStaMISneakers0vb9,/images/BapeStaMISneakers1vb9,/images/BapeStaMISneakers2vb9,/images/BapeStaMISneakers3vb9,/images/BapeStaMISneakers4vb9@
/images/BAPESTA0vb9,/images/BAPESTA1vb9,/images/BAPESTA2vb9,/images/BAPESTA3vb9@
